Date,Store ID,Product ID,Units Sold,Sales Amount,Discount Applied,Customer Segment
2024-10-26,S032,P001,54.0,1486.99,11.13,Regular
2024-10-23,S045,P093,,119.17,3.84,New
2024-10-10,S019,P069,86.0,3114.54,0.78,Regular
2024-11-04,S003,P038,100.0,4362.52,17.37,Regular
2024-11-03,S009,P045,17.0,583.26,10.11,Regular
2024-10-31,S033,P045,61.0,1292.05,10.38,Premium
2024-10-20,S020,P009,56.0,2268.73,12.74,New
2024-10-30,S042,P075,74.0,2080.54,7.55,New
2024-10-30,S041,P002,74.0,3319.87,1.3,Regular
2024-10-05,S015,P018,21.0,419.06,,New
2024-10-17,S018,P014,37.0,1645.15,,New
2024-10-08,S049,P009,27.0,948.28,7.74,New
2024-10-21,S011,P089,81.0,3935.95,16.89,Premium
2024-10-17,S049,P074,73.0,2080.54,16.21,New
2024-10-11,S027,P031,,740.18,15.36,New
2024-10-12,S034,P055,99.0,4598.47,,New
2024-10-25,S022,P025,6.0,283.85,12.72,Regular
2024-10-14,S035,P062,55.0,,19.33,Regular
2024-11-02,S048,P047,56.0,,6.3,Premium
2024-10-07,S006,P024,7.0,299.36,2.02,New
2024-10-10,S049,P034,61.0,2584.3,5.61,Regular
2024-11-01,S020,P037,19.0,829.76,0.87,Premium
2024-10-22,S003,P092,47.0,2263.93,0.71,Premium
2024-10-09,S027,P005,32.0,472.9,4.95,New
2024-10-11,S024,P041,41.0,512.43,16.62,Premium
2024-10-08,S017,P034,98.0,3695.03,1.56,Premium
2024-10-26,S020,P028,63.0,1928.29,16.37,Regular
2024-10-11,S023,P026,,,15.25,New
2024-10-09,S016,P015,11.0,129.66,10.9,Premium
2024-10-19,S037,P048,15.0,626.96,3.9,Regular
2024-10-21,S017,P071,94.0,3028.04,5.1,Premium
2024-10-06,S013,P030,,414.91,18.92,New
2024-11-04,S007,P024,34.0,360.65,2.3,Regular
2024-10-21,S029,P069,12.0,482.83,,Regular
2024-10-21,S026,P049,13.0,497.92,15.5,Regular
2024-10-11,S037,P026,95.0,3357.49,9.24,New
2024-10-15,S004,P077,97.0,4195.41,4.44,Regular
2024-10-22,S013,P067,39.0,,11.07,New
2024-10-06,S011,P012,71.0,2294.38,19.12,Regular
2024-10-25,S021,P095,12.0,203.27,5.73,New
2024-10-28,S049,P021,74.0,706.29,18.12,New
2024-10-29,S025,P025,9.0,387.31,5.0,Premium
2024-10-25,S043,P048,66.0,3128.28,16.41,New
2024-10-30,S034,P033,78.0,1337.9,1.77,New
2024-10-24,S040,P040,27.0,1148.46,13.4,Regular
2024-10-28,S004,P036,,513.97,12.75,Premium
2024-10-17,S011,P025,52.0,978.73,1.28,New
2024-11-02,S044,P023,45.0,573.94,19.03,Premium
2024-11-02,S041,P041,32.0,1355.89,18.52,Regular
2024-10-29,S021,P057,93.0,4369.7,6.01,New
2024-11-02,S026,P027,39.0,675.3,9.1,New
2024-10-06,S014,P097,16.0,321.15,14.08,Premium
2024-10-15,S007,P072,49.0,1973.02,18.53,Regular
2024-10-22,S046,P042,53.0,,7.32,Premium
2024-10-28,S018,P003,16.0,404.47,12.71,Premium
2024-10-29,S037,P013,,10.69,19.19,Premium
2024-10-07,S012,P044,18.0,375.59,,Regular
2024-10-07,S021,P071,82.0,1562.16,3.01,Premium
2024-10-16,S018,P025,76.0,2880.84,3.01,Premium
2024-10-18,S032,P080,35.0,614.08,11.66,New
2024-10-14,S027,P077,15.0,428.86,,Regular
2024-11-03,S015,P080,93.0,2588.53,3.38,Regular
2024-10-13,S032,P063,43.0,1955.89,18.45,New
2024-11-03,S032,P097,20.0,539.55,15.87,Premium
2024-10-24,S049,P023,24.0,678.65,14.09,New
2024-10-06,S026,P042,98.0,3839.29,3.63,New
2024-10-13,S016,P004,5.0,146.06,19.25,New
2024-10-21,S002,P047,18.0,,5.9,New
2024-11-03,S023,P075,36.0,820.11,18.98,Premium
2024-10-08,S042,P093,41.0,,11.7,Regular
2024-10-23,S029,P099,35.0,1347.83,,Regular
2024-10-08,S022,P037,23.0,572.23,,New
2024-10-22,S003,P028,63.0,1699.07,9.96,Premium
2024-10-27,S038,P086,74.0,652.17,10.08,Premium
2024-10-13,S041,P063,20.0,816.53,13.24,New
2024-10-25,S033,P045,78.0,986.34,8.77,New
2024-10-08,S008,P041,90.0,,4.2,New
2024-10-11,S014,P047,,236.24,18.74,Premium
2024-10-28,S030,P004,12.0,590.62,18.32,New
2024-10-28,S015,P025,79.0,1700.62,5.36,Premium
2024-11-04,S037,P078,99.0,,6.81,Premium
2024-10-07,S040,P027,5.0,101.44,8.82,Premium
2024-10-25,S031,P084,81.0,2615.93,13.82,New
2024-10-22,S045,P095,81.0,4041.32,1.84,Regular
2024-10-12,S002,P002,75.0,,9.68,New
2024-10-12,S001,P071,3.0,113.35,16.81,New
2024-10-31,S016,P090,59.0,1614.3,17.49,New
2024-10-30,S023,P027,94.0,4498.57,1.29,New
2024-10-24,S024,P092,18.0,722.21,19.79,Regular
2024-10-28,S012,P006,45.0,458.0,18.2,New
2024-10-20,S022,P053,89.0,,3.4,New
2024-10-23,S027,P058,6.0,201.24,6.32,Regular
2024-10-10,S001,P032,1.0,44.86,5.36,Premium
2024-10-29,S012,P004,34.0,443.25,11.91,New
2024-10-06,S007,P078,18.0,683.76,7.38,Premium
2024-10-06,S048,P054,90.0,855.22,13.58,Premium
2024-10-13,S021,P073,24.0,945.79,15.13,Regular
2024-10-23,S024,P071,5.0,109.47,10.19,Regular
2024-10-27,S043,P039,92.0,3503.17,1.68,Premium
2024-10-21,S012,P064,73.0,709.9,18.49,Premium
2024-10-10,S017,P024,59.0,868.9,8.05,New
2024-10-06,S001,P083,38.0,1652.96,17.2,Premium
2024-10-08,S048,P054,25.0,1054.79,,New
2024-10-20,S038,P096,,1758.84,11.9,Premium
2024-10-24,S009,P063,2.0,78.97,,Regular
2024-10-25,S027,P036,42.0,527.16,9.24,Regular
2024-10-21,S042,P055,91.0,2346.94,11.47,Premium
2024-10-27,S021,P017,15.0,,6.87,Premium
2024-10-18,S020,P012,,781.4,14.19,Premium
2024-10-08,S050,P091,76.0,2622.32,9.14,Regular
2024-11-01,S038,P059,9.0,158.52,8.31,Premium
2024-10-27,S018,P058,44.0,985.7,13.62,Premium
2024-11-04,S015,P064,44.0,584.83,13.0,Regular
2024-10-21,S023,P067,18.0,370.33,9.03,New
2024-10-06,S028,P006,89.0,1834.96,1.84,New
2024-10-25,S014,P098,6.0,106.47,6.24,Regular
2024-10-31,S039,P048,65.0,3155.69,,Premium
2024-10-27,S039,P006,56.0,400.95,,Regular
2024-10-08,S022,P009,87.0,1839.97,18.5,Regular
2024-10-07,S011,P100,97.0,2031.31,9.64,New
2024-10-16,S016,P053,29.0,632.35,7.28,Regular
2024-11-03,S048,P064,36.0,1245.16,17.19,Regular
2024-10-13,S024,P037,45.0,2236.87,19.75,Premium
2024-10-14,S001,P031,2.0,,17.25,Regular
2024-10-15,S033,P057,80.0,887.2,,Regular
2024-10-29,S029,P028,100.0,2750.07,17.05,Regular
2024-10-16,S005,P039,16.0,169.55,11.92,Regular
2024-10-11,S031,P031,13.0,,5.09,New
2024-10-24,S032,P083,36.0,1276.41,1.0,New
2024-10-24,S027,P085,48.0,848.58,,Premium
2024-10-28,S013,P047,34.0,456.81,14.8,Regular
2024-10-25,S013,P022,67.0,435.01,19.16,Premium
2024-10-15,S001,P001,25.0,159.67,16.47,Premium
2024-10-20,S004,P017,34.0,1644.89,8.14,New
2024-10-13,S044,P085,27.0,1218.24,14.12,Premium
2024-11-03,S018,P050,33.0,1547.65,8.38,Regular
2024-10-06,S023,P010,29.0,1416.2,6.44,New
2024-10-20,S043,P096,56.0,,9.34,Premium
2024-10-12,S029,P091,95.0,925.48,6.67,Premium
2024-10-22,S035,P099,2.0,57.4,4.58,New
2024-10-31,S011,P081,16.0,747.62,14.17,Regular
2024-10-29,S003,P062,,3438.69,4.98,New
2024-10-21,S049,P004,,345.88,,Regular
2024-10-31,S015,P088,5.0,122.18,11.25,New
2024-10-26,S050,P044,59.0,865.38,4.26,Premium
2024-10-23,S019,P085,80.0,,10.5,Premium
2024-10-16,S032,P020,54.0,2420.56,,New
2024-10-17,S013,P069,33.0,959.61,1.64,Regular
2024-10-19,S003,P047,82.0,,1.0,Regular
2024-10-06,S026,P020,63.0,3131.76,15.7,Regular
2024-10-14,S024,P010,5.0,114.33,15.67,Premium
2024-10-20,S019,P040,74.0,1538.13,3.26,New
2024-10-11,S034,P052,48.0,1446.35,13.12,Regular
2024-10-31,S032,P088,91.0,3290.61,,Regular
2024-10-21,S041,P050,97.0,3152.55,10.82,New
2024-10-30,S025,P095,38.0,1587.64,4.08,Regular
2024-11-01,S021,P073,48.0,550.71,,Regular
2024-10-26,S013,P028,58.0,2884.8,7.03,New
2024-10-20,S009,P093,32.0,1206.64,16.57,Premium
2024-10-08,S048,P019,6.0,266.34,13.22,New
2024-10-22,S040,P085,62.0,2507.84,1.96,New
2024-11-01,S014,P088,84.0,2337.62,10.4,New
2024-10-14,S050,P021,12.0,462.49,13.03,New
2024-10-05,S029,P063,19.0,,6.38,Regular
2024-10-05,S041,P082,66.0,3036.52,11.84,Regular
2024-10-28,S026,P006,10.0,311.69,0.76,Regular
2024-10-15,S025,P094,68.0,,14.5,Regular
2024-10-08,S048,P098,100.0,2491.07,19.44,Premium
2024-10-11,S024,P076,56.0,1489.0,10.35,Regular
2024-10-24,S046,P030,26.0,581.95,9.16,New
2024-10-11,S025,P005,52.0,2131.87,3.6,New
2024-10-28,S021,P093,36.0,808.18,13.54,Premium
2024-11-03,S003,P072,23.0,218.11,6.12,Premium
2024-10-19,S030,P083,2.0,44.5,8.19,New
2024-10-09,S010,P017,59.0,951.98,19.32,Regular
2024-10-09,S025,P089,,4118.8,5.83,Regular
2024-10-09,S033,P028,99.0,2566.09,19.55,New
2024-10-31,S003,P049,95.0,863.85,7.14,Premium
2024-11-02,S035,P079,46.0,1242.32,10.39,Premium
2024-11-04,S016,P022,29.0,1369.21,,Regular
2024-10-21,S022,P024,35.0,633.36,,Regular
2024-10-17,S050,P032,40.0,472.19,,New
2024-10-19,S012,P092,99.0,1104.14,,Premium
2024-10-05,S035,P029,65.0,702.03,13.87,New
2024-10-16,S012,P064,73.0,1455.33,2.12,Regular
2024-10-25,S009,P005,86.0,1288.44,,Premium
2024-10-24,S015,P022,93.0,2796.69,12.42,New
2024-10-19,S020,P071,43.0,,6.09,New
2024-10-19,S034,P037,31.0,1028.64,16.16,New
2024-10-05,S028,P075,44.0,415.81,0.6,Premium
2024-11-01,S028,P056,99.0,1974.08,8.05,Premium
2024-10-13,S049,P068,65.0,2897.64,18.46,Premium
2024-11-04,S036,P055,37.0,1614.52,10.07,Premium
2024-10-17,S010,P004,48.0,1411.95,6.56,Premium
2024-10-18,S042,P069,40.0,1441.87,13.8,Regular
2024-10-27,S029,P019,60.0,2679.69,,Premium
2024-10-25,S004,P058,,97.15,,New
2024-10-08,S015,P077,2.0,49.22,18.05,Premium
2024-10-20,S003,P039,57.0,2629.62,4.81,Regular
2024-10-31,S048,P046,22.0,1008.84,1.63,New
2024-10-25,S003,P054,29.0,589.99,16.29,Regular
2024-10-06,S009,P067,44.0,,13.61,Premium
2024-10-17,S007,P060,,84.78,11.07,New
2024-11-04,S009,P044,100.0,4977.43,6.06,New
2024-10-14,S010,P100,47.0,1881.56,8.12,Regular
2024-11-03,S023,P054,19.0,535.73,5.53,Premium
2024-10-31,S006,P085,34.0,1622.27,2.45,New
2024-10-05,S014,P097,5.0,68.37,15.24,New
2024-10-10,S002,P045,15.0,94.37,0.35,New
2024-10-31,S041,P066,58.0,1760.14,15.33,New
2024-10-20,S015,P010,25.0,1134.07,13.2,New
2024-10-31,S022,P064,29.0,936.14,6.51,Premium
2024-10-10,S045,P044,92.0,1781.49,,Regular
2024-10-15,S043,P076,1.0,25.56,5.35,Premium
2024-11-01,S001,P073,92.0,3558.2,4.96,New
2024-10-13,S011,P080,46.0,1194.8,3.62,Regular
2024-10-16,S040,P062,48.0,1102.16,15.47,Premium
2024-10-18,S016,P031,37.0,1249.42,8.14,Premium
2024-10-27,S011,P046,54.0,2309.67,1.68,Premium
2024-10-08,S034,P012,50.0,853.66,,Regular
2024-10-11,S024,P097,91.0,2490.41,6.84,Regular
2024-10-10,S049,P019,50.0,990.49,2.87,Premium
2024-10-13,S028,P046,16.0,616.23,,Regular
2024-10-18,S018,P008,5.0,165.87,8.84,Regular
2024-10-25,S020,P068,29.0,206.98,12.36,Regular
2024-11-03,S036,P012,75.0,2765.79,5.69,Regular
2024-10-21,S008,P044,50.0,370.59,6.9,Regular
2024-10-05,S018,P020,29.0,897.73,,Regular
2024-10-05,S014,P059,33.0,793.31,3.18,Premium
2024-10-28,S006,P044,79.0,2309.52,7.84,New
2024-10-07,S007,P093,,4129.18,,New
2024-10-25,S035,P049,,35.49,0.38,New
2024-10-31,S007,P021,74.0,820.11,10.7,Regular
2024-10-18,S048,P073,99.0,,18.2,Premium
2024-10-05,S035,P092,1.0,28.65,5.08,New
2024-10-23,S009,P017,25.0,156.87,16.96,Regular
2024-10-10,S004,P088,,973.18,0.66,New
2024-10-27,S046,P044,20.0,,3.68,Regular
2024-11-01,S003,P039,77.0,3477.72,17.07,Premium
2024-10-21,S029,P006,,2003.93,18.06,Premium
2024-10-28,S049,P002,7.0,61.22,18.74,New
2024-10-25,S014,P086,98.0,1896.51,7.84,Premium
2024-10-06,S038,P036,90.0,480.07,11.73,Premium
2024-10-24,S015,P099,76.0,555.78,17.83,New
2024-10-30,S011,P033,91.0,485.88,5.87,Premium
2024-10-21,S050,P063,12.0,563.31,7.82,New
2024-10-15,S037,P047,88.0,,12.2,New
2024-10-30,S009,P010,,1617.33,9.39,Regular
2024-10-18,S045,P071,17.0,244.23,19.71,Regular
2024-10-29,S018,P080,33.0,651.51,19.76,Premium
2024-10-29,S043,P033,68.0,1552.17,10.91,Regular
2024-10-24,S028,P006,,303.32,6.84,Premium
2024-10-07,S017,P091,,1034.13,12.97,Premium
2024-10-12,S040,P082,82.0,1730.08,,Regular
2024-10-23,S029,P093,65.0,1338.89,6.63,Premium
2024-10-21,S047,P081,81.0,3354.28,12.96,New
2024-10-05,S044,P037,41.0,823.77,19.05,New
2024-10-31,S040,P098,31.0,888.38,1.58,New
2024-10-07,S022,P092,16.0,147.75,5.7,New
2024-10-30,S048,P046,29.0,1247.49,10.55,Premium
2024-10-16,S019,P093,40.0,973.74,1.46,Regular
2024-10-26,S049,P032,,1070.44,6.9,Regular
2024-10-23,S015,P014,,1255.02,18.7,Premium
2024-10-09,S049,P002,64.0,,16.69,Regular
2024-10-16,S042,P072,,1268.43,3.95,New
2024-10-07,S005,P072,26.0,499.62,3.87,New
2024-10-12,S049,P005,57.0,2432.16,19.14,Regular
2024-10-26,S034,P062,,340.61,8.69,New
2024-10-08,S041,P100,70.0,2625.45,19.79,New
2024-10-18,S031,P010,40.0,1999.47,1.47,Premium
2024-10-27,S017,P072,,537.09,11.91,Premium
2024-10-22,S016,P051,96.0,2193.14,1.83,New
2024-10-10,S007,P073,,3801.17,17.59,Regular
2024-10-25,S046,P077,11.0,182.03,7.86,Regular
2024-10-05,S043,P051,82.0,2812.0,9.89,New
2024-11-02,S015,P080,64.0,1757.47,14.42,Regular
2024-10-27,S048,P058,89.0,,10.74,Premium
2024-10-25,S034,P027,8.0,147.32,14.2,Premium
2024-10-24,S036,P005,90.0,2512.05,1.44,New
2024-10-19,S036,P088,,1371.85,2.68,Regular
2024-10-27,S043,P038,32.0,1086.94,17.53,Regular
2024-10-27,S043,P036,23.0,882.58,1.21,Premium
2024-10-24,S009,P028,82.0,493.48,3.02,Regular
2024-10-21,S004,P074,5.0,218.72,10.83,Regular
2024-10-06,S020,P050,14.0,93.86,,Premium
2024-11-02,S023,P054,70.0,2790.88,19.58,New
2024-10-08,S009,P083,37.0,1345.23,7.4,Regular
2024-10-31,S012,P014,26.0,257.78,,Regular
2024-10-16,S016,P071,26.0,1180.95,19.83,New
2024-10-26,S005,P056,15.0,,,Premium
2024-10-27,S035,P086,30.0,,15.99,Premium
2024-11-01,S040,P047,44.0,1334.24,19.94,Regular
2024-10-21,S039,P046,55.0,1244.59,11.6,New
2024-10-31,S039,P049,49.0,774.51,14.94,Premium
2024-10-17,S022,P038,37.0,591.93,4.3,Regular
2024-10-15,S005,P092,,929.34,19.11,Regular
2024-10-24,S038,P088,63.0,801.77,5.93,New
2024-10-31,S005,P037,15.0,386.16,,Premium
2024-10-14,S023,P096,,1175.67,4.43,Regular
2024-11-03,S028,P056,,1605.45,9.97,Premium
2024-10-06,S046,P093,29.0,676.26,4.44,Premium
2024-10-23,S016,P012,46.0,1113.59,7.09,Premium
2024-10-12,S026,P036,27.0,1074.34,10.66,New
2024-10-17,S014,P042,81.0,,14.56,Premium
2024-10-07,S017,P099,52.0,766.06,6.89,Premium
2024-10-22,S018,P088,15.0,128.48,6.76,New
2024-10-22,S025,P083,,1814.3,13.6,Regular
2024-10-12,S037,P067,53.0,,13.03,Regular
2024-11-04,S031,P010,83.0,2995.83,11.91,Regular
2024-10-25,S028,P048,30.0,488.43,13.03,New
2024-10-23,S034,P081,,750.57,10.56,New
2024-10-08,S047,P065,,490.92,,New
2024-10-06,S039,P078,75.0,2154.05,,New
2024-10-07,S024,P076,61.0,931.31,6.9,Regular
2024-10-19,S016,P040,60.0,,19.49,Premium
2024-11-01,S033,P085,97.0,641.71,6.9,Regular
2024-11-03,S027,P079,,4562.63,5.77,New
2024-10-25,S004,P078,56.0,1028.24,3.91,Regular
2024-10-19,S025,P098,69.0,649.88,10.6,New
2024-10-28,S010,P083,,1525.08,1.51,Premium
2024-10-13,S027,P010,71.0,1723.79,,Regular
2024-10-23,S018,P019,65.0,962.81,12.2,Premium
2024-10-27,S029,P039,6.0,190.67,17.22,New
2024-11-02,S006,P056,87.0,2314.94,,Premium
2024-10-24,S015,P035,87.0,3260.31,17.09,New
2024-10-28,S023,P080,72.0,,,Premium
2024-11-04,S046,P011,71.0,1388.96,15.19,Regular
2024-10-11,S006,P091,27.0,684.35,19.49,Premium
2024-10-25,S003,P040,51.0,2208.85,17.6,Premium
2024-10-19,S025,P089,15.0,344.74,13.94,Premium
2024-10-27,S046,P041,57.0,979.68,9.52,New
2024-10-17,S025,P014,,,13.42,New
2024-10-13,S001,P084,68.0,804.07,,New
2024-10-28,S014,P017,36.0,967.22,14.52,New
2024-10-25,S036,P072,43.0,1132.93,9.11,Premium
2024-10-16,S025,P036,76.0,,11.62,Regular
2024-11-01,S043,P004,60.0,2564.49,2.83,Premium
2024-10-29,S014,P095,23.0,1149.5,3.84,Premium
2024-11-01,S013,P071,71.0,2452.91,18.29,Premium
2024-10-12,S037,P036,86.0,1695.3,19.17,New
2024-10-15,S016,P032,97.0,2878.45,18.68,New
2024-10-15,S033,P039,18.0,658.46,,Regular
2024-10-13,S019,P032,52.0,,2.15,Premium
2024-10-05,S041,P047,45.0,1097.38,6.31,New
2024-10-29,S004,P049,36.0,410.46,11.98,Regular
2024-10-22,S030,P044,94.0,3232.56,18.73,Premium
2024-10-11,S013,P057,52.0,1674.05,9.08,Premium
2024-10-06,S012,P041,92.0,3047.02,4.16,Regular
2024-11-02,S045,P007,43.0,1083.99,3.77,Regular
2024-10-29,S046,P071,99.0,4762.02,,New
2024-10-23,S009,P068,4.0,125.71,13.75,Premium
2024-10-15,S024,P053,10.0,213.25,13.31,Regular
2024-10-13,S044,P031,9.0,74.95,12.65,New
2024-10-28,S023,P072,36.0,,3.49,Premium
2024-10-10,S047,P062,97.0,1290.81,15.93,Premium
2024-10-27,S044,P008,23.0,653.03,3.37,Regular
2024-11-01,S003,P017,21.0,,1.82,Regular
2024-10-11,S028,P096,3.0,110.72,14.94,Regular
2024-10-11,S029,P059,96.0,1135.94,13.77,New
2024-10-05,S014,P083,89.0,3555.06,11.2,Premium
2024-10-30,S030,P038,60.0,808.45,2.29,Premium
2024-10-11,S029,P092,30.0,1489.56,7.02,Regular
2024-10-11,S016,P054,55.0,2474.15,10.31,Regular
2024-10-23,S041,P046,44.0,1661.8,5.25,Premium
2024-10-13,S033,P028,61.0,2084.38,14.72,New
2024-10-17,S003,P084,67.0,2690.22,8.92,Regular
2024-10-05,S032,P099,,,17.15,Premium
2024-10-13,S030,P046,,1951.67,12.81,New
2024-10-31,S009,P033,1.0,16.98,,Premium
2024-10-16,S020,P075,61.0,1749.79,2.75,Premium
2024-10-13,S033,P001,27.0,639.04,7.06,New
2024-10-17,S045,P028,36.0,977.17,9.63,Premium
2024-10-23,S048,P095,11.0,431.05,3.74,New
2024-10-27,S030,P016,15.0,711.54,16.8,Regular
2024-10-26,S030,P080,41.0,1628.7,8.3,Premium
2024-10-05,S044,P052,97.0,4435.29,19.34,Regular
2024-10-14,S016,P097,33.0,309.61,13.24,Premium
2024-10-23,S001,P048,47.0,1528.83,1.95,New
2024-10-05,S002,P019,81.0,2576.81,15.27,Regular
2024-10-15,S003,P031,90.0,2575.76,9.77,Premium
2024-10-16,S019,P099,22.0,252.44,13.65,Premium
2024-10-10,S049,P032,29.0,1237.33,8.89,Regular
2024-10-16,S011,P032,79.0,3667.33,11.66,Premium
2024-10-16,S015,P023,23.0,369.03,,Regular
2024-10-19,S005,P004,1.0,,2.84,Regular
2024-10-13,S011,P046,36.0,1010.11,15.8,Premium
2024-10-16,S033,P031,,,15.01,New
2024-10-10,S031,P028,3.0,43.27,2.49,Regular
2024-10-08,S028,P052,41.0,1712.49,3.77,Regular
2024-10-23,S019,P046,,1779.35,,Regular
2024-10-14,S018,P071,1.0,,10.05,Premium
2024-10-17,S026,P008,48.0,1906.8,0.02,Regular
2024-10-13,S001,P092,33.0,1600.03,13.15,Regular
2024-10-26,S008,P045,14.0,595.93,9.62,Premium
2024-10-17,S028,P097,17.0,213.67,1.81,New
2024-10-16,S032,P061,37.0,1600.63,17.42,New
2024-10-26,S047,P098,89.0,1768.31,15.59,Premium
2024-10-10,S012,P070,13.0,581.93,18.82,Regular
2024-10-24,S039,P097,86.0,1987.29,14.97,Premium
2024-11-01,S045,P091,67.0,1521.39,,Premium
2024-10-26,S006,P058,91.0,2871.05,,Premium
2024-10-24,S042,P063,37.0,1668.97,4.66,New
2024-10-06,S020,P026,53.0,2398.79,11.39,Premium
2024-10-12,S002,P037,69.0,2390.91,12.88,Premium
2024-10-24,S012,P096,85.0,1339.01,,Premium
2024-10-31,S016,P068,77.0,,8.11,Regular
2024-10-05,S023,P061,88.0,3463.8,1.25,New
2024-10-13,S010,P097,82.0,3942.83,6.63,New
2024-10-30,S008,P056,,2823.32,2.32,New
2024-10-10,S031,P061,45.0,1302.5,4.27,New
2024-11-01,S004,P068,20.0,483.52,14.57,New
2024-11-03,S029,P082,49.0,1924.35,17.86,New
2024-10-16,S013,P098,,2748.28,,New
2024-10-05,S030,P048,,1289.73,20.0,Premium
2024-10-08,S032,P075,65.0,2209.79,10.11,New
2024-11-04,S023,P067,65.0,538.85,16.67,Premium
2024-10-21,S040,P063,55.0,1143.14,9.89,New
2024-10-05,S048,P080,46.0,,18.28,New
2024-10-25,S018,P019,49.0,1284.21,,New
2024-11-02,S030,P033,25.0,1124.47,6.8,New
2024-10-18,S026,P034,10.0,94.5,2.69,Regular
2024-10-13,S033,P051,87.0,3848.1,13.51,Premium
2024-10-28,S049,P091,69.0,611.34,13.77,Premium
2024-10-15,S045,P019,23.0,853.27,4.84,Regular
2024-10-27,S026,P048,45.0,,6.93,Premium
2024-10-19,S037,P011,40.0,,12.8,New
2024-10-19,S017,P011,23.0,1004.64,13.45,Premium
2024-10-13,S007,P068,42.0,983.12,13.12,Premium
2024-10-22,S010,P011,80.0,2716.55,9.68,New
2024-10-11,S047,P003,35.0,,12.63,Premium
2024-10-25,S027,P094,22.0,874.19,17.96,New
2024-11-01,S030,P057,40.0,1292.76,5.83,Regular
2024-10-27,S040,P027,,519.13,2.41,Regular
2024-10-05,S016,P003,31.0,206.99,5.98,New
2024-10-29,S011,P060,83.0,815.95,9.07,New
2024-10-05,S032,P072,42.0,1706.12,5.28,New
2024-10-17,S022,P021,88.0,3767.75,10.65,Premium
2024-10-06,S017,P023,65.0,1640.06,4.66,New
2024-11-01,S045,P059,56.0,2555.34,1.66,Regular
2024-10-14,S014,P086,14.0,597.19,0.68,Premium
2024-10-10,S031,P086,21.0,797.25,12.92,New
2024-10-15,S023,P020,14.0,423.39,2.47,Regular
2024-11-03,S044,P031,55.0,327.58,9.89,New
2024-10-15,S043,P087,47.0,714.7,0.07,Regular
2024-10-10,S004,P057,53.0,1802.09,5.56,Regular
2024-10-30,S009,P024,35.0,1035.66,18.6,New
2024-10-28,S040,P059,80.0,1315.91,16.51,Premium
2024-10-07,S028,P011,2.0,48.39,12.06,New
2024-10-30,S032,P064,11.0,104.22,1.84,New
2024-10-30,S011,P017,20.0,916.81,19.91,Regular
2024-10-10,S004,P070,42.0,1102.54,,New
2024-10-15,S026,P070,2.0,45.71,1.2,Premium
2024-10-24,S014,P064,,1808.9,8.97,Regular
2024-10-17,S045,P008,98.0,2766.45,2.01,Premium
2024-10-16,S010,P033,39.0,1673.91,2.23,Premium
2024-10-10,S040,P058,69.0,734.54,3.08,New
2024-11-04,S005,P024,,347.45,0.66,Premium
2024-10-28,S012,P054,44.0,1863.42,4.8,New
2024-10-29,S041,P066,92.0,3231.72,18.24,New
2024-10-20,S037,P093,82.0,,9.77,Regular
2024-10-11,S020,P050,1.0,23.44,14.4,New
2024-10-14,S017,P087,61.0,419.7,11.02,Regular
2024-10-15,S025,P059,60.0,970.51,1.45,Premium
2024-10-27,S035,P049,83.0,,14.61,New
2024-10-12,S013,P093,88.0,4329.1,12.5,New
2024-11-03,S037,P005,75.0,1581.13,17.55,New
2024-10-15,S010,P042,56.0,2295.1,5.06,Premium
2024-10-09,S030,P032,19.0,352.15,,Premium
2024-10-26,S007,P090,26.0,211.23,17.25,Regular
2024-10-24,S049,P077,82.0,3729.29,7.51,Regular
2024-10-31,S032,P067,63.0,2402.26,7.68,New
2024-11-02,S025,P004,30.0,1106.4,12.5,Premium
2024-10-21,S041,P018,48.0,593.48,19.61,Premium
2024-11-01,S022,P047,92.0,1306.91,18.72,New
2024-10-09,S032,P078,60.0,2910.92,19.93,Premium
2024-10-12,S014,P058,57.0,1711.16,19.59,Premium
2024-10-08,S010,P045,46.0,1507.11,11.58,New
2024-10-14,S027,P099,49.0,2112.71,16.4,Premium
2024-10-10,S032,P060,41.0,780.35,3.85,Premium
2024-10-13,S041,P006,83.0,1906.78,3.04,New
2024-10-11,S018,P021,4.0,56.7,,Regular
2024-10-22,S024,P082,,3356.7,,New
2024-10-24,S010,P040,70.0,2086.57,6.27,New
2024-10-20,S027,P070,57.0,1620.48,17.72,Premium
2024-11-03,S024,P095,89.0,3441.91,10.32,New
2024-10-30,S012,P063,,232.79,4.08,Regular
2024-11-01,S044,P014,73.0,1049.81,14.51,Regular
2024-10-17,S026,P077,68.0,2230.64,12.46,New
2024-10-16,S048,P072,95.0,600.53,6.02,Premium
2024-10-08,S010,P023,80.0,,,Regular
2024-10-30,S025,P100,50.0,288.04,7.35,Regular
2024-10-18,S035,P063,56.0,1562.57,0.65,New
2024-11-01,S021,P044,89.0,3371.43,2.94,Regular
2024-10-25,S024,P003,21.0,492.78,,Regular
2024-10-09,S043,P045,,2938.41,12.26,New
2024-10-29,S001,P006,7.0,221.67,8.5,Premium
2024-11-03,S001,P093,,3025.48,13.54,Regular
2024-10-05,S016,P040,,285.11,3.11,New
2024-10-10,S018,P048,92.0,1513.71,10.74,Premium
2024-10-15,S043,P005,16.0,644.01,18.31,Premium
2024-10-23,S046,P059,51.0,2355.81,,Regular
2024-10-30,S035,P001,,746.45,13.57,Regular
2024-10-08,S034,P091,84.0,3155.28,1.5,Regular
2024-10-14,S027,P006,24.0,801.75,12.49,Premium
2024-10-12,S013,P062,85.0,2703.68,11.78,Premium
2024-10-25,S031,P078,78.0,3733.98,3.87,Regular
2024-11-01,S039,P054,94.0,,14.69,Regular
2024-10-12,S019,P055,73.0,2313.93,12.85,Regular
2024-10-18,S045,P075,8.0,88.55,10.71,Premium
2024-11-03,S011,P057,95.0,2930.97,14.79,Premium
2024-11-02,S025,P055,47.0,1100.32,6.35,Premium
2024-10-15,S042,P042,82.0,2698.01,7.36,Premium
2024-10-27,S017,P084,38.0,1816.99,3.29,New
2024-11-01,S020,P076,51.0,1869.06,4.3,New
2024-10-16,S048,P067,70.0,,18.75,Regular
2024-11-02,S035,P038,66.0,,13.58,New
2024-10-30,S043,P041,6.0,237.42,5.31,Premium
2024-10-21,S003,P059,81.0,1560.62,2.31,New
2024-10-18,S046,P002,43.0,1885.64,16.44,Regular
2024-10-17,S047,P089,15.0,,2.43,Regular
2024-10-17,S041,P041,13.0,297.98,8.48,Premium
2024-10-19,S042,P027,12.0,549.84,2.78,Premium
2024-10-17,S036,P028,87.0,2874.97,17.28,New
2024-10-05,S011,P001,54.0,2462.4,8.37,Premium
2024-10-13,S039,P079,72.0,3249.63,16.71,Premium
2024-10-20,S004,P049,1.0,,15.97,Premium
2024-10-19,S026,P017,15.0,610.21,14.51,Premium
2024-10-28,S025,P075,81.0,539.39,,Premium
2024-10-22,S034,P090,1.0,22.21,6.06,Premium
2024-10-22,S046,P088,17.0,266.51,9.79,Regular
2024-11-04,S046,P044,60.0,2381.95,4.34,New
2024-11-01,S029,P083,,,2.29,Premium
2024-10-14,S035,P034,61.0,,7.64,Regular
2024-10-15,S024,P050,1.0,24.72,12.23,New
2024-10-22,S014,P040,16.0,503.26,9.77,Regular
2024-10-06,S016,P017,69.0,1012.95,17.38,Premium
2024-10-31,S044,P036,84.0,3540.06,7.69,New
2024-11-01,S017,P027,22.0,934.44,15.48,Premium
2024-10-22,S049,P012,8.0,217.06,2.41,Premium
2024-11-01,S009,P003,64.0,2950.82,18.83,Regular
2024-10-28,S030,P091,51.0,1273.73,16.68,New
2024-10-05,S045,P009,93.0,1758.63,5.59,Premium
2024-10-30,S039,P025,29.0,1151.92,6.65,New
2024-10-16,S024,P003,23.0,822.19,,New
2024-10-29,S006,P052,43.0,1739.31,16.1,New
2024-10-30,S034,P027,64.0,1602.25,8.45,New
2024-10-22,S047,P073,10.0,167.72,4.03,Regular
2024-10-06,S024,P086,55.0,2530.87,8.42,Regular
2024-10-18,S049,P051,60.0,1967.64,19.77,New
2024-10-24,S035,P038,91.0,2721.57,9.19,Regular
2024-10-24,S040,P043,63.0,2661.22,11.26,New
2024-11-02,S019,P071,5.0,223.41,10.73,Regular
2024-10-10,S017,P050,17.0,104.26,6.87,Regular
2024-10-22,S045,P040,,267.17,6.53,Regular
2024-11-03,S046,P048,81.0,4045.85,5.97,New
2024-10-06,S006,P088,30.0,190.84,10.9,New
2024-10-05,S036,P061,83.0,,19.41,New
2024-10-31,S009,P006,8.0,287.4,3.53,New
2024-10-17,S007,P023,,,6.79,Regular
2024-10-18,S016,P070,73.0,2546.37,13.02,Premium
2024-10-09,S042,P046,82.0,912.46,1.62,Premium
2024-10-14,S003,P096,33.0,1131.75,3.63,Regular
2024-10-29,S020,P015,67.0,3175.52,12.28,Premium
2024-10-09,S023,P067,90.0,3523.57,3.28,Premium
2024-10-09,S050,P095,18.0,705.12,,Premium
2024-10-27,S031,P046,40.0,1503.38,19.09,Premium
2024-10-20,S006,P083,87.0,,0.96,New
2024-10-24,S008,P019,67.0,1753.92,8.43,New
2024-10-12,S036,P048,,450.26,17.19,New
2024-10-18,S029,P039,,1618.22,4.28,Regular
2024-10-08,S015,P060,58.0,1201.61,0.03,Regular
2024-10-13,S024,P042,23.0,260.95,,Regular
2024-11-04,S021,P001,20.0,881.97,11.75,New
2024-10-16,S011,P088,100.0,2541.85,14.08,Premium
2024-10-15,S046,P043,9.0,149.92,15.13,New
2024-10-28,S018,P045,28.0,267.3,0.4,Premium
2024-10-14,S047,P046,,2532.85,,Regular
2024-10-30,S016,P057,71.0,3084.78,3.49,Premium
2024-10-28,S042,P060,,2513.09,5.59,Premium
2024-10-22,S016,P008,83.0,3527.26,6.05,Regular
2024-10-31,S023,P056,51.0,606.48,6.37,New
2024-10-26,S042,P038,49.0,2243.3,8.1,Premium
2024-10-15,S048,P006,,163.22,1.74,New
2024-10-30,S018,P055,21.0,853.26,18.29,Regular
2024-10-30,S003,P001,53.0,,17.68,Regular
2024-10-12,S021,P071,7.0,65.68,8.42,Regular
2024-10-17,S034,P019,36.0,,0.46,New
2024-10-29,S013,P018,,375.16,17.7,Regular
2024-10-05,S030,P076,55.0,,12.73,Regular
2024-10-25,S006,P046,52.0,1805.71,0.85,Regular
2024-10-11,S019,P015,2.0,60.4,3.67,Premium
2024-10-26,S041,P089,41.0,1729.33,13.21,Regular
2024-10-26,S041,P046,91.0,,7.48,Premium
2024-10-23,S013,P055,2.0,12.58,6.81,New
2024-10-13,S004,P052,85.0,1793.63,0.91,Regular
2024-10-06,S010,P075,59.0,2156.97,17.02,New
2024-10-06,S040,P031,49.0,733.49,14.19,Regular
2024-10-26,S030,P080,41.0,290.58,15.73,New
2024-10-26,S033,P096,19.0,615.35,16.41,New
2024-10-09,S005,P050,55.0,965.76,12.13,Regular
2024-10-12,S005,P056,32.0,1199.97,4.78,Regular
2024-10-09,S045,P094,,,,Regular
2024-10-07,S050,P086,40.0,1245.14,11.3,Regular
2024-11-04,S017,P078,33.0,207.49,16.74,Regular
2024-11-02,S015,P019,83.0,2611.76,4.24,Premium
2024-10-16,S001,P073,81.0,2071.3,4.37,Premium
2024-10-22,S005,P085,45.0,1952.62,15.73,Premium
2024-10-11,S003,P031,82.0,1994.6,10.86,Regular
2024-11-04,S042,P045,46.0,1150.23,15.28,Regular
2024-10-24,S007,P054,33.0,1097.25,17.75,Premium
2024-11-01,S021,P065,5.0,36.82,13.84,Premium
2024-10-11,S033,P097,55.0,2378.37,1.44,New
2024-10-27,S004,P068,83.0,3926.28,0.82,Premium
2024-10-14,S021,P002,75.0,632.66,14.5,Regular
2024-10-16,S033,P025,,1632.6,19.24,Regular
2024-10-26,S003,P004,45.0,1094.56,6.39,New
2024-11-04,S009,P078,97.0,4803.46,7.84,New
2024-10-13,S017,P041,62.0,2987.37,14.84,New
2024-10-30,S017,P013,99.0,4573.46,11.4,Regular
2024-10-08,S049,P070,11.0,200.0,7.49,Premium
2024-10-21,S043,P024,16.0,599.74,12.94,Premium
2024-10-16,S037,P007,66.0,1293.82,9.29,Regular
2024-11-02,S039,P098,23.0,691.76,4.79,Regular
2024-10-30,S004,P080,42.0,1308.01,17.69,Regular
2024-10-31,S038,P029,26.0,553.38,19.96,Premium
2024-10-25,S035,P010,47.0,1828.21,,Regular
2024-10-09,S006,P052,92.0,1908.32,2.68,Regular
2024-10-25,S022,P080,21.0,1046.86,5.21,Regular
2024-10-23,S048,P055,53.0,,1.6,Premium
2024-10-05,S022,P024,65.0,2825.18,13.96,Regular
2024-10-07,S023,P050,88.0,3744.2,8.21,New
2024-10-09,S047,P066,8.0,200.84,19.75,New
2024-10-20,S019,P052,69.0,3332.18,15.57,Regular
2024-10-31,S020,P093,86.0,3677.25,12.05,Regular
2024-10-14,S034,P020,32.0,1274.78,1.65,Regular
2024-10-19,S010,P069,,350.87,16.55,New
2024-10-25,S025,P054,78.0,1477.84,11.17,New
2024-10-13,S022,P010,31.0,413.02,6.24,New
2024-10-26,S040,P063,,1979.71,10.22,Premium
2024-10-13,S018,P035,25.0,173.6,19.56,New
2024-11-04,S032,P019,47.0,1386.57,6.19,Regular
2024-10-24,S017,P083,87.0,,17.86,Premium
2024-10-08,S029,P096,48.0,2164.58,3.68,Premium
2024-10-09,S009,P027,,2893.75,4.65,Regular
2024-10-18,S037,P087,,1952.41,9.98,New
2024-11-04,S014,P047,93.0,1356.22,18.96,Premium
2024-10-20,S016,P072,17.0,148.79,3.69,Premium
2024-10-05,S030,P009,44.0,1027.74,0.06,Regular
2024-10-31,S030,P047,28.0,1344.21,6.13,New
2024-11-03,S037,P094,42.0,1908.8,7.1,New
2024-10-24,S013,P051,98.0,3020.7,16.02,Regular
2024-10-22,S024,P048,62.0,1503.02,18.13,Regular
2024-10-08,S004,P036,42.0,1219.12,10.41,New
2024-10-23,S033,P003,6.0,284.12,3.7,Regular
2024-10-26,S005,P081,,50.64,1.49,Premium
2024-10-24,S023,P008,25.0,1235.74,18.58,New
2024-10-25,S043,P076,36.0,183.96,12.77,Regular
2024-10-10,S016,P019,17.0,467.49,2.88,New
2024-10-27,S032,P100,26.0,613.13,0.57,Regular
2024-10-09,S019,P093,46.0,2194.23,14.31,New
2024-11-01,S041,P024,78.0,2261.22,1.56,New
2024-10-07,S004,P083,87.0,2540.78,17.7,Regular
2024-10-25,S016,P037,42.0,1401.39,11.15,Premium
2024-10-23,S008,P084,16.0,712.23,5.06,Premium
2024-10-31,S035,P075,58.0,,1.19,Premium
2024-10-14,S005,P050,11.0,152.78,5.73,New
2024-10-29,S007,P050,18.0,823.19,1.71,Premium
2024-10-05,S030,P066,85.0,702.93,18.74,Premium
2024-10-05,S050,P049,54.0,273.68,14.48,Premium
2024-10-31,S035,P095,44.0,691.0,13.6,Regular
2024-10-27,S004,P090,89.0,1651.77,14.45,New
2024-10-15,S033,P085,23.0,,5.86,Premium
2024-10-10,S018,P091,,3596.99,1.06,Regular
2024-10-26,S046,P003,5.0,,16.87,Premium
2024-11-02,S013,P099,41.0,1266.34,9.56,Regular
2024-10-24,S021,P030,59.0,,,Regular
2024-10-27,S034,P094,49.0,1775.34,,New
2024-10-30,S031,P030,100.0,3346.46,2.56,Premium
2024-10-13,S007,P027,77.0,3248.63,1.68,Regular
2024-10-16,S049,P069,87.0,1904.79,16.7,New
2024-10-10,S042,P002,96.0,2986.76,,Premium
2024-10-11,S048,P013,15.0,542.71,15.13,Premium
2024-10-31,S018,P031,80.0,2746.27,19.87,Premium
2024-10-27,S047,P029,74.0,1108.46,5.5,Premium
2024-10-06,S038,P013,70.0,1587.46,5.21,Premium
2024-10-11,S013,P014,83.0,1300.97,3.42,Premium
2024-10-20,S048,P089,45.0,1764.71,7.15,Premium
2024-10-23,S024,P079,22.0,,9.1,Premium
2024-10-31,S046,P019,43.0,908.19,4.97,New
2024-10-22,S050,P048,9.0,56.76,15.3,New
2024-10-20,S015,P023,39.0,1529.48,10.69,New
2024-10-29,S039,P029,86.0,1015.92,13.74,Premium
2024-10-20,S009,P049,64.0,2692.19,3.73,Premium
2024-10-19,S030,P070,,1971.95,3.08,Regular
2024-10-11,S038,P054,64.0,1216.45,6.35,Regular
2024-11-02,S035,P055,98.0,1762.84,13.62,Premium
2024-10-24,S024,P074,26.0,332.64,0.68,Premium
2024-10-11,S006,P042,97.0,3346.31,10.42,New
2024-10-10,S050,P056,,535.34,19.5,Regular
2024-10-13,S026,P064,60.0,2509.42,1.22,Premium
2024-10-28,S002,P085,55.0,1400.75,13.55,New
2024-10-20,S011,P009,3.0,,7.17,New
2024-10-23,S047,P092,41.0,1962.63,15.16,New
2024-10-18,S049,P050,80.0,1315.32,16.02,Premium
2024-10-13,S005,P062,24.0,1096.7,10.89,Premium
2024-11-03,S014,P077,61.0,1723.39,17.77,New
2024-10-18,S002,P054,,,3.6,New
2024-10-27,S043,P079,78.0,517.83,14.19,Premium
2024-10-23,S046,P100,43.0,240.97,7.66,Regular
2024-10-20,S007,P040,45.0,975.4,,Premium
2024-10-25,S030,P064,,2553.43,12.44,New
2024-10-11,S022,P006,35.0,,16.45,Premium
2024-10-24,S019,P044,50.0,459.66,15.34,New
2024-10-24,S015,P087,65.0,2362.31,13.73,New
2024-10-21,S024,P069,84.0,1697.88,11.79,Premium
2024-10-16,S009,P050,75.0,2548.09,9.31,Premium
2024-10-31,S011,P028,3.0,136.13,,New
2024-10-17,S003,P024,81.0,3187.45,11.21,New
2024-10-28,S039,P028,23.0,161.24,10.13,Regular
2024-11-04,S035,P051,20.0,553.35,14.14,Regular
2024-10-08,S007,P041,52.0,2134.56,17.57,New
2024-10-06,S046,P046,74.0,,10.84,New
2024-10-24,S042,P007,3.0,146.74,3.2,Regular
2024-10-25,S033,P001,47.0,1874.94,7.73,New
2024-11-04,S018,P098,13.0,106.18,17.22,New
2024-10-08,S050,P056,35.0,749.23,18.66,New
2024-10-11,S008,P021,93.0,4644.4,18.41,Regular
2024-10-08,S025,P090,57.0,534.05,,Regular
2024-11-04,S026,P089,29.0,317.52,13.7,Premium
2024-10-06,S018,P095,100.0,4261.29,12.0,Regular
2024-10-22,S044,P082,100.0,2373.97,18.38,Regular
2024-10-14,S031,P083,46.0,1259.53,,Regular
2024-10-21,S005,P011,44.0,1510.53,16.47,Regular
2024-10-23,S008,P052,14.0,219.31,12.53,Premium
2024-10-07,S049,P042,72.0,2043.01,8.29,Premium
2024-10-24,S030,P059,27.0,1153.39,11.66,Regular
2024-10-13,S034,P080,,,14.06,Premium
2024-10-05,S017,P042,93.0,3521.1,3.26,Regular
2024-10-26,S014,P049,,1917.25,18.86,New
2024-10-11,S013,P009,28.0,463.88,8.0,New
2024-10-06,S050,P004,,224.97,15.56,New
2024-10-18,S047,P087,26.0,1119.82,2.98,Regular
2024-11-02,S020,P063,74.0,2827.17,8.7,New
2024-10-07,S037,P004,46.0,1032.54,12.88,Premium
2024-10-13,S039,P092,91.0,927.13,1.49,Regular
2024-10-12,S014,P049,97.0,2566.86,11.65,Premium
2024-10-27,S038,P083,95.0,2873.15,,Regular
2024-10-12,S050,P041,77.0,3436.19,5.19,New
2024-10-13,S048,P058,16.0,731.82,5.01,Regular
2024-10-18,S046,P036,97.0,580.46,10.7,Premium
2024-10-05,S012,P038,96.0,4203.15,3.57,Premium
2024-10-28,S005,P019,96.0,4539.09,19.27,Regular
2024-10-27,S026,P023,25.0,680.69,4.66,New
2024-10-13,S009,P038,14.0,671.26,17.31,New
2024-10-30,S041,P013,94.0,2256.19,9.48,Premium
2024-10-22,S019,P012,21.0,268.67,5.0,New
2024-10-29,S044,P042,54.0,2202.2,3.65,New
2024-10-27,S031,P030,32.0,1485.45,17.09,Premium
2024-10-26,S017,P044,68.0,3077.44,17.25,Premium
2024-11-02,S026,P014,75.0,,3.32,Regular
2024-10-07,S032,P016,,472.46,,Regular
2024-10-14,S020,P005,15.0,100.09,13.64,Premium
2024-10-22,S020,P069,19.0,837.4,2.41,New
2024-10-22,S033,P003,94.0,3774.05,1.72,Regular
2024-10-05,S016,P095,23.0,830.62,14.31,Premium
2024-10-29,S050,P031,15.0,410.85,2.47,Premium
2024-10-14,S019,P054,56.0,427.73,8.21,Regular
2024-10-29,S041,P037,43.0,881.22,8.05,New
2024-10-26,S020,P032,88.0,1505.08,7.94,Premium
2024-10-11,S008,P058,83.0,2235.94,15.7,New
2024-11-04,S011,P088,40.0,903.84,8.46,Premium
2024-10-24,S042,P031,30.0,966.88,8.85,Premium
2024-10-09,S018,P084,84.0,,15.25,New
2024-11-04,S038,P054,5.0,184.02,,Regular
2024-10-11,S018,P031,14.0,,9.05,Premium
2024-10-31,S003,P031,56.0,495.6,19.54,Regular
2024-10-27,S012,P096,43.0,1103.61,13.29,Regular
2024-10-22,S015,P069,54.0,808.06,1.28,Premium
2024-10-26,S007,P064,6.0,186.21,12.33,Premium
2024-10-14,S008,P042,20.0,751.21,15.33,New
2024-10-28,S034,P088,86.0,3444.18,4.32,New
2024-10-27,S019,P059,8.0,361.09,11.19,Regular
2024-10-30,S008,P065,31.0,166.06,1.45,Premium
2024-10-05,S001,P040,,721.04,8.28,Regular
2024-10-31,S032,P017,,892.79,15.58,New
2024-10-31,S040,P011,28.0,1120.91,11.2,Premium
2024-10-24,S009,P076,26.0,1093.77,5.72,Regular
2024-11-04,S036,P055,24.0,,18.66,Regular
2024-10-07,S023,P033,,551.0,17.97,New
2024-10-13,S042,P007,9.0,443.73,10.52,Premium
2024-10-22,S009,P076,,2131.48,12.79,New
2024-10-18,S032,P066,93.0,,17.37,Premium
2024-10-20,S027,P019,60.0,1406.75,15.19,Premium
2024-10-19,S035,P017,38.0,1608.78,7.35,Regular
2024-10-12,S046,P044,77.0,3572.87,3.01,New
2024-10-16,S033,P074,98.0,,14.96,Premium
2024-10-31,S025,P025,,16.97,8.42,Premium
2024-10-16,S006,P075,96.0,2963.37,13.23,Regular
2024-11-01,S034,P048,92.0,,0.57,Premium
2024-10-25,S022,P028,63.0,2396.87,5.56,Premium
2024-10-18,S017,P089,74.0,3428.09,18.73,Regular
2024-10-30,S033,P048,33.0,1220.81,12.34,Regular
2024-10-26,S006,P018,33.0,360.02,12.44,New
2024-10-18,S030,P023,20.0,325.4,19.23,Premium
2024-10-31,S016,P081,49.0,319.8,5.91,New
2024-10-09,S050,P032,9.0,143.0,12.52,Premium
2024-10-05,S028,P082,40.0,1951.48,0.89,New
2024-10-12,S010,P098,32.0,829.08,16.89,New
2024-10-29,S011,P077,26.0,972.64,11.09,Regular
2024-10-23,S005,P007,99.0,4650.9,8.2,Premium
2024-10-31,S022,P061,60.0,,14.08,Regular
2024-10-10,S016,P092,27.0,1270.08,2.56,Premium
2024-10-13,S024,P055,82.0,3874.47,7.51,Regular
2024-10-15,S039,P063,54.0,,,Premium
2024-10-26,S009,P045,59.0,1013.02,16.03,Regular
2024-10-12,S048,P058,9.0,417.01,,Premium
2024-10-25,S045,P056,44.0,,,Regular
2024-10-13,S034,P080,60.0,479.24,,Regular
2024-10-07,S012,P086,65.0,2824.87,5.8,New
2024-10-19,S009,P066,,834.41,14.8,New
2024-10-19,S039,P007,10.0,64.21,19.4,Regular
2024-10-09,S016,P002,90.0,2325.84,13.96,Regular
2024-10-08,S038,P011,27.0,953.71,18.83,Premium
2024-10-09,S033,P013,,2668.43,6.18,Premium
2024-10-14,S036,P023,67.0,2961.91,19.09,Premium
2024-10-09,S038,P015,91.0,,10.4,Premium
2024-10-28,S041,P033,41.0,685.37,10.38,Premium
2024-10-15,S024,P077,35.0,358.29,,Premium
2024-10-09,S041,P063,65.0,1761.67,5.96,New
2024-10-17,S034,P034,45.0,1353.57,13.99,Regular
2024-10-09,S016,P047,38.0,1211.15,16.25,New
2024-11-03,S050,P083,38.0,1121.9,8.28,New
2024-10-21,S020,P092,90.0,2489.07,17.5,Premium
2024-10-24,S034,P005,64.0,1515.18,16.73,Regular
2024-10-26,S017,P012,13.0,409.72,5.19,New
2024-10-08,S004,P061,89.0,2244.27,8.29,Premium
2024-10-19,S039,P031,18.0,747.23,10.07,Premium
2024-11-03,S033,P073,26.0,589.78,3.71,Regular
2024-10-06,S038,P032,48.0,1979.85,15.9,Premium
2024-10-20,S047,P095,96.0,2273.07,8.85,New
2024-10-22,S002,P095,65.0,722.91,16.78,Premium
2024-10-05,S025,P049,41.0,1447.14,7.43,Premium
2024-10-08,S047,P092,17.0,666.44,,Regular
2024-11-02,S033,P083,41.0,271.39,8.53,Regular
2024-11-04,S031,P065,58.0,2431.05,0.26,New
2024-10-19,S024,P078,15.0,,2.81,Premium
2024-10-22,S039,P015,4.0,57.26,4.97,Premium
2024-10-19,S013,P075,47.0,,6.6,Regular
2024-10-12,S027,P081,73.0,494.66,2.55,New
2024-10-15,S029,P028,73.0,1345.41,4.73,Premium
2024-10-19,S040,P080,63.0,,3.84,Regular
2024-10-23,S040,P081,34.0,1225.92,6.0,New
2024-10-15,S005,P034,17.0,,6.21,Regular
2024-10-15,S023,P082,97.0,2490.17,0.92,New
2024-10-12,S048,P004,30.0,,6.98,Regular
2024-10-31,S029,P098,14.0,,14.45,Regular
2024-10-15,S034,P080,16.0,703.27,3.46,Premium
2024-10-10,S008,P057,93.0,3906.03,13.18,Regular
2024-10-07,S040,P044,93.0,1325.73,,Regular
2024-10-26,S005,P041,,1846.18,17.35,Premium
2024-10-23,S005,P056,4.0,21.73,,Regular
2024-10-10,S016,P069,53.0,1160.1,7.08,Regular
2024-10-16,S045,P012,,931.21,11.7,Regular
2024-10-21,S033,P047,74.0,1125.99,10.86,Regular
2024-10-19,S027,P026,36.0,1418.79,18.84,New
2024-10-22,S015,P060,43.0,920.45,4.99,New
2024-10-28,S038,P066,87.0,1152.35,0.04,Regular
2024-10-19,S048,P003,72.0,2516.63,10.03,Premium
2024-10-22,S035,P063,24.0,128.97,9.72,New
2024-10-22,S039,P028,38.0,813.47,2.06,Premium
2024-10-09,S008,P072,5.0,97.95,9.22,Regular
2024-10-14,S015,P093,94.0,4386.88,14.38,Regular
2024-10-06,S041,P099,56.0,1829.86,6.35,New
2024-10-08,S014,P026,93.0,2669.96,1.34,New
2024-10-19,S020,P015,,1673.33,19.27,Regular
2024-10-17,S045,P012,8.0,380.35,3.31,New
2024-10-17,S018,P097,84.0,3468.07,10.49,New
2024-10-23,S020,P087,89.0,2182.62,5.11,Premium
2024-10-13,S018,P041,100.0,2777.16,7.3,Regular
2024-10-21,S018,P078,33.0,622.66,,New
2024-10-08,S013,P049,13.0,,13.55,Premium
2024-10-20,S008,P018,3.0,31.23,17.58,Premium
2024-10-25,S007,P065,78.0,,14.05,Regular
2024-10-15,S027,P066,,967.81,17.92,Premium
2024-10-21,S005,P001,16.0,791.28,10.03,New
2024-10-19,S017,P019,32.0,256.47,,Premium
2024-10-19,S027,P040,85.0,3768.97,19.12,New
2024-10-09,S027,P014,25.0,535.23,10.92,Premium
2024-10-07,S009,P100,89.0,1829.06,4.12,New
2024-10-13,S023,P080,36.0,788.28,13.54,New
2024-10-09,S032,P016,29.0,1334.21,17.09,New
2024-11-02,S037,P054,87.0,1692.96,7.54,Premium
2024-10-10,S006,P030,72.0,2707.49,,Regular
2024-10-21,S024,P075,1.0,5.85,2.78,Regular
2024-10-09,S014,P088,47.0,1568.42,1.04,Premium
2024-10-31,S029,P010,95.0,,6.21,Regular
2024-10-21,S001,P014,94.0,1930.3,9.76,Regular
2024-10-27,S041,P095,98.0,1753.13,13.71,New
2024-10-08,S033,P015,32.0,476.27,2.37,Regular
2024-10-29,S006,P058,11.0,547.21,11.69,New
2024-11-04,S004,P044,81.0,640.41,3.87,Premium
2024-10-13,S005,P011,19.0,128.24,16.16,Premium
2024-10-09,S040,P046,69.0,1983.18,16.02,New
2024-10-28,S018,P055,82.0,2296.23,,New
2024-10-20,S024,P029,24.0,1068.58,2.88,New
2024-11-02,S028,P090,99.0,1050.44,,Premium
2024-10-20,S049,P016,,194.07,,Regular
2024-10-19,S001,P056,83.0,4116.44,5.57,New
2024-10-31,S017,P057,45.0,510.84,10.93,Regular
2024-10-11,S021,P031,,283.44,10.65,Premium
2024-11-02,S028,P068,49.0,1939.24,6.0,Premium
2024-10-17,S008,P014,89.0,4361.85,13.01,Regular
2024-10-22,S007,P090,57.0,2221.27,17.37,Premium
2024-10-06,S031,P078,24.0,482.26,5.74,New
2024-10-05,S040,P087,74.0,3362.69,4.13,Regular
2024-10-27,S028,P072,29.0,1134.4,16.72,Regular
2024-10-11,S005,P074,87.0,3556.99,8.06,Premium
2024-11-03,S015,P090,5.0,98.79,13.54,Regular
2024-10-31,S003,P076,,2545.46,5.56,New
2024-10-06,S012,P097,67.0,875.07,9.73,Premium
2024-10-25,S005,P097,70.0,1445.91,8.75,Premium
2024-11-03,S038,P042,1.0,8.37,,New
2024-10-16,S015,P096,85.0,798.95,16.37,Regular
2024-10-21,S029,P090,,666.2,5.93,New
2024-10-09,S010,P037,73.0,3450.96,9.5,Regular
2024-11-04,S023,P074,38.0,529.01,1.84,Premium
2024-10-11,S028,P097,,534.04,4.69,Regular
2024-11-02,S018,P065,84.0,1143.77,12.57,Premium
2024-10-30,S048,P067,80.0,,19.85,Regular
2024-10-23,S004,P076,26.0,278.55,6.55,Regular
2024-10-24,S013,P008,45.0,1336.62,5.0,Regular
2024-10-24,S036,P060,29.0,1449.47,2.35,Regular
2024-10-23,S048,P086,64.0,397.67,19.57,New
2024-10-09,S013,P013,65.0,1331.2,14.17,New
2024-10-31,S046,P035,7.0,51.45,17.21,New
2024-10-30,S008,P003,90.0,4491.18,2.84,New
2024-10-05,S003,P017,14.0,341.73,2.99,Premium
2024-10-06,S032,P009,56.0,1006.26,8.37,Regular
2024-10-20,S029,P012,67.0,1178.84,0.34,Premium
2024-10-16,S020,P077,75.0,,2.04,New
2024-10-15,S018,P091,41.0,1322.98,18.0,Premium
2024-10-26,S025,P100,49.0,1818.49,3.5,New
2024-10-05,S020,P005,65.0,2459.85,,New
2024-11-02,S030,P064,7.0,142.08,,Premium
2024-10-10,S007,P087,94.0,1178.48,10.64,New
2024-10-16,S039,P035,96.0,920.65,,New
2024-10-29,S033,P044,66.0,2328.13,3.02,Regular
2024-11-02,S010,P094,56.0,288.53,,Regular
2024-10-29,S028,P039,95.0,3681.84,3.8,New
2024-10-21,S002,P096,90.0,1834.09,10.75,Regular
2024-10-05,S033,P090,91.0,2054.91,9.01,Premium
2024-10-23,S020,P071,78.0,3220.6,10.33,New
2024-10-16,S028,P027,13.0,87.93,9.5,Regular
2024-10-07,S032,P056,75.0,1552.17,9.67,Premium
2024-10-12,S014,P070,22.0,341.4,13.5,New
2024-10-28,S002,P059,38.0,,9.74,Premium
2024-10-27,S014,P006,70.0,605.33,8.55,Regular
2024-11-04,S025,P004,,61.68,7.97,Premium
2024-10-30,S021,P042,28.0,1030.98,15.78,Premium
2024-10-08,S012,P074,4.0,37.96,,Premium
2024-10-07,S037,P011,88.0,2000.46,7.37,Regular
2024-10-25,S044,P096,55.0,1947.5,13.32,Regular
2024-10-06,S023,P047,79.0,446.63,13.54,Premium
2024-11-03,S016,P050,37.0,1639.72,0.38,Regular
2024-10-06,S040,P003,62.0,968.36,0.29,Regular
2024-10-07,S022,P021,63.0,2608.65,19.35,Regular
2024-10-27,S010,P030,5.0,138.12,12.26,Regular
2024-10-08,S046,P054,36.0,1514.07,11.26,New
2024-10-23,S036,P004,97.0,4152.38,,New
2024-11-01,S048,P068,71.0,1342.74,9.14,New
2024-10-28,S014,P060,48.0,1274.59,19.38,Regular
2024-10-05,S021,P018,,473.57,18.23,New
2024-11-02,S028,P088,5.0,35.67,6.58,Regular
2024-10-20,S042,P026,7.0,329.84,,Regular
2024-10-16,S036,P090,66.0,3157.12,12.52,Premium
2024-10-08,S038,P017,4.0,122.51,1.74,Premium
2024-10-26,S005,P002,14.0,170.56,17.31,Regular
2024-10-17,S004,P100,94.0,614.24,15.16,Regular
2024-10-12,S045,P049,46.0,742.03,,Regular
2024-10-18,S025,P007,17.0,351.16,18.59,Premium
2024-10-12,S036,P087,43.0,244.73,3.72,Premium
2024-10-29,S016,P001,77.0,,14.78,New
2024-10-08,S010,P035,,3511.24,4.95,New
2024-10-27,S047,P053,30.0,1246.03,14.49,Regular
2024-10-15,S047,P032,53.0,1837.03,0.91,New
2024-10-21,S016,P086,64.0,684.09,16.93,Premium
2024-10-24,S036,P079,87.0,727.22,5.74,New
2024-11-01,S001,P075,,1298.36,16.29,Premium
2024-10-24,S005,P005,51.0,1153.44,,New
2024-10-21,S015,P098,7.0,299.38,16.65,New
2024-10-06,S021,P027,50.0,1107.31,2.49,Regular
2024-10-20,S029,P066,48.0,1891.81,3.61,New
2024-10-14,S049,P096,53.0,1116.01,,New
2024-10-30,S010,P096,,1024.58,19.05,Regular
2024-10-11,S035,P051,75.0,1533.91,19.58,Regular
2024-10-09,S003,P005,56.0,721.76,14.19,New
2024-10-18,S020,P008,,32.73,15.3,New
2024-10-20,S007,P005,20.0,882.87,6.62,New
2024-10-06,S035,P017,42.0,1165.4,10.42,Premium
2024-10-20,S046,P030,33.0,1229.55,10.51,New
